experiment_id,architecture,training_condition,condition,snr_db,label,class_name,precision,recall,f1,support
cnn_augmented_run01_20260823t110934z,cnn,augmented,clean,,0,air_conditioner,0.5106382978723404,0.72,0.5975103734439834,100
cnn_augmented_run01_20260823t110934z,cnn,augmented,clean,,1,car_horn,0.9333333333333332,0.8484848484848485,0.8888888888888888,33
cnn_augmented_run01_20260823t110934z,cnn,augmented,clean,,2,children_playing,0.5806451612903226,0.72,0.6428571428571429,100
cnn_augmented_run01_20260823t110934z,cnn,augmented,clean,,3,dog_bark,0.8026315789473685,0.61,0.6931818181818182,100
cnn_augmented_run01_20260823t110934z,cnn,augmented,clean,,4,drilling,0.7047619047619048,0.74,0.7219512195121951,100
cnn_augmented_run01_20260823t110934z,cnn,augmented,clean,,5,engine_idling,0.8,0.6021505376344086,0.6871165644171779,93
cnn_augmented_run01_20260823t110934z,cnn,augmented,clean,,6,gun_shot,0.7948717948717948,0.96875,0.8732394366197183,32
cnn_augmented_run01_20260823t110934z,cnn,augmented,clean,,7,jackhammer,0.7931034482758621,0.9583333333333334,0.8679245283018868,96
cnn_augmented_run01_20260823t110934z,cnn,augmented,clean,,8,siren,1.0,0.4578313253012048,0.628099173553719,83
cnn_augmented_run01_20260823t110934z,cnn,augmented,clean,,9,street_music,0.8775510204081632,0.86,0.8686868686868687,100
cnn_augmented_run01_20260823t110934z,cnn,augmented,snr_20db,20.0,0,air_conditioner,0.4931506849315068,0.72,0.5853658536585366,100
cnn_augmented_run01_20260823t110934z,cnn,augmented,snr_20db,20.0,1,car_horn,0.96,0.7272727272727273,0.8275862068965517,33
cnn_augmented_run01_20260823t110934z,cnn,augmented,snr_20db,20.0,2,children_playing,0.5606060606060606,0.74,0.6379310344827587,100
cnn_augmented_run01_20260823t110934z,cnn,augmented,snr_20db,20.0,3,dog_bark,0.835820895522388,0.56,0.6706586826347305,100
cnn_augmented_run01_20260823t110934z,cnn,augmented,snr_20db,20.0,4,drilling,0.6909090909090909,0.76,0.7238095238095238,100
cnn_augmented_run01_20260823t110934z,cnn,augmented,snr_20db,20.0,5,engine_idling,0.8208955223880597,0.5913978494623656,0.6875,93
cnn_augmented_run01_20260823t110934z,cnn,augmented,snr_20db,20.0,6,gun_shot,0.6458333333333334,0.96875,0.775,32
cnn_augmented_run01_20260823t110934z,cnn,augmented,snr_20db,20.0,7,jackhammer,0.8557692307692307,0.9270833333333334,0.89,96
cnn_augmented_run01_20260823t110934z,cnn,augmented,snr_20db,20.0,8,siren,1.0,0.4457831325301205,0.6166666666666667,83
cnn_augmented_run01_20260823t110934z,cnn,augmented,snr_20db,20.0,9,street_music,0.8514851485148515,0.86,0.8557213930348259,100
cnn_augmented_run01_20260823t110934z,cnn,augmented,snr_10db,10.0,0,air_conditioner,0.4347826086956521,0.7,0.5363984674329502,100
cnn_augmented_run01_20260823t110934z,cnn,augmented,snr_10db,10.0,1,car_horn,0.96,0.7272727272727273,0.8275862068965517,33
cnn_augmented_run01_20260823t110934z,cnn,augmented,snr_10db,10.0,2,children_playing,0.5128205128205128,0.8,0.625,100
cnn_augmented_run01_20260823t110934z,cnn,augmented,snr_10db,10.0,3,dog_bark,0.9,0.54,0.675,100
cnn_augmented_run01_20260823t110934z,cnn,augmented,snr_10db,10.0,4,drilling,0.7307692307692307,0.76,0.7450980392156863,100
cnn_augmented_run01_20260823t110934z,cnn,augmented,snr_10db,10.0,5,engine_idling,0.819672131147541,0.5376344086021505,0.6493506493506493,93
cnn_augmented_run01_20260823t110934z,cnn,augmented,snr_10db,10.0,6,gun_shot,0.6222222222222222,0.875,0.7272727272727273,32
cnn_augmented_run01_20260823t110934z,cnn,augmented,snr_10db,10.0,7,jackhammer,0.8910891089108911,0.9375,0.9137055837563453,96
cnn_augmented_run01_20260823t110934z,cnn,augmented,snr_10db,10.0,8,siren,1.0,0.3373493975903614,0.5045045045045045,83
cnn_augmented_run01_20260823t110934z,cnn,augmented,snr_10db,10.0,9,street_music,0.8854166666666666,0.85,0.8673469387755102,100
cnn_augmented_run01_20260823t110934z,cnn,augmented,snr_0db,0.0,0,air_conditioner,0.3333333333333333,0.67,0.4451827242524916,100
cnn_augmented_run01_20260823t110934z,cnn,augmented,snr_0db,0.0,1,car_horn,0.7083333333333334,0.5151515151515151,0.5964912280701754,33
cnn_augmented_run01_20260823t110934z,cnn,augmented,snr_0db,0.0,2,children_playing,0.4260355029585799,0.72,0.5353159851301115,100
cnn_augmented_run01_20260823t110934z,cnn,augmented,snr_0db,0.0,3,dog_bark,0.6231884057971014,0.43,0.5088757396449705,100
cnn_augmented_run01_20260823t110934z,cnn,augmented,snr_0db,0.0,4,drilling,0.7536231884057971,0.52,0.6153846153846154,100
cnn_augmented_run01_20260823t110934z,cnn,augmented,snr_0db,0.0,5,engine_idling,0.5714285714285714,0.3010752688172043,0.3943661971830985,93
cnn_augmented_run01_20260823t110934z,cnn,augmented,snr_0db,0.0,6,gun_shot,0.55,0.6875,0.6111111111111112,32
cnn_augmented_run01_20260823t110934z,cnn,augmented,snr_0db,0.0,7,jackhammer,0.8172043010752689,0.7916666666666666,0.8042328042328042,96
cnn_augmented_run01_20260823t110934z,cnn,augmented,snr_0db,0.0,8,siren,0.9411764705882352,0.1927710843373494,0.32,83
cnn_augmented_run01_20260823t110934z,cnn,augmented,snr_0db,0.0,9,street_music,0.6320754716981132,0.67,0.6504854368932039,100
cnn_baseline_run01_20260822t133403z,cnn,baseline,clean,,0,air_conditioner,0.5036496350364964,0.69,0.5822784810126582,100
cnn_baseline_run01_20260822t133403z,cnn,baseline,clean,,1,car_horn,0.9642857142857144,0.8181818181818182,0.8852459016393442,33
cnn_baseline_run01_20260822t133403z,cnn,baseline,clean,,2,children_playing,0.5736434108527132,0.74,0.6462882096069869,100
cnn_baseline_run01_20260822t133403z,cnn,baseline,clean,,3,dog_bark,0.7142857142857143,0.6,0.6521739130434783,100
cnn_baseline_run01_20260822t133403z,cnn,baseline,clean,,4,drilling,0.6837606837606838,0.8,0.7373271889400922,100
cnn_baseline_run01_20260822t133403z,cnn,baseline,clean,,5,engine_idling,0.8421052631578947,0.5161290322580645,0.64,93
cnn_baseline_run01_20260822t133403z,cnn,baseline,clean,,6,gun_shot,0.8648648648648649,1.0,0.927536231884058,32
cnn_baseline_run01_20260822t133403z,cnn,baseline,clean,,7,jackhammer,0.7699115044247787,0.90625,0.8325358851674641,96
cnn_baseline_run01_20260822t133403z,cnn,baseline,clean,,8,siren,0.9705882352941176,0.3975903614457831,0.5641025641025641,83
cnn_baseline_run01_20260822t133403z,cnn,baseline,clean,,9,street_music,0.8514851485148515,0.86,0.8557213930348259,100
cnn_baseline_run01_20260822t133403z,cnn,baseline,snr_20db,20.0,0,air_conditioner,0.4551724137931034,0.66,0.5387755102040817,100
cnn_baseline_run01_20260822t133403z,cnn,baseline,snr_20db,20.0,1,car_horn,1.0,0.4848484848484848,0.6530612244897959,33
cnn_baseline_run01_20260822t133403z,cnn,baseline,snr_20db,20.0,2,children_playing,0.5194805194805194,0.8,0.6299212598425197,100
cnn_baseline_run01_20260822t133403z,cnn,baseline,snr_20db,20.0,3,dog_bark,0.7469879518072289,0.62,0.6775956284153005,100
cnn_baseline_run01_20260822t133403z,cnn,baseline,snr_20db,20.0,4,drilling,0.632,0.79,0.7022222222222222,100
cnn_baseline_run01_20260822t133403z,cnn,baseline,snr_20db,20.0,5,engine_idling,0.819672131147541,0.5376344086021505,0.6493506493506493,93
cnn_baseline_run01_20260822t133403z,cnn,baseline,snr_20db,20.0,6,gun_shot,1.0,0.4375,0.6086956521739131,32
cnn_baseline_run01_20260822t133403z,cnn,baseline,snr_20db,20.0,7,jackhammer,0.8191489361702128,0.8020833333333334,0.8105263157894737,96
cnn_baseline_run01_20260822t133403z,cnn,baseline,snr_20db,20.0,8,siren,0.9696969696969696,0.3855421686746988,0.5517241379310345,83
cnn_baseline_run01_20260822t133403z,cnn,baseline,snr_20db,20.0,9,street_music,0.7589285714285714,0.85,0.8018867924528302,100
cnn_baseline_run01_20260822t133403z,cnn,baseline,snr_10db,10.0,0,air_conditioner,0.391304347826087,0.63,0.4827586206896552,100
cnn_baseline_run01_20260822t133403z,cnn,baseline,snr_10db,10.0,1,car_horn,0.9375,0.4545454545454545,0.6122448979591837,33
cnn_baseline_run01_20260822t133403z,cnn,baseline,snr_10db,10.0,2,children_playing,0.4278350515463917,0.83,0.564625850340136,100
cnn_baseline_run01_20260822t133403z,cnn,baseline,snr_10db,10.0,3,dog_bark,0.75,0.42,0.5384615384615384,100
cnn_baseline_run01_20260822t133403z,cnn,baseline,snr_10db,10.0,4,drilling,0.6875,0.77,0.7264150943396226,100
cnn_baseline_run01_20260822t133403z,cnn,baseline,snr_10db,10.0,5,engine_idling,0.7959183673469388,0.4193548387096774,0.5492957746478874,93
cnn_baseline_run01_20260822t133403z,cnn,baseline,snr_10db,10.0,6,gun_shot,1.0,0.3125,0.4761904761904761,32
cnn_baseline_run01_20260822t133403z,cnn,baseline,snr_10db,10.0,7,jackhammer,0.8041237113402062,0.8125,0.8082901554404145,96
cnn_baseline_run01_20260822t133403z,cnn,baseline,snr_10db,10.0,8,siren,0.95,0.2289156626506024,0.3689320388349514,83
cnn_baseline_run01_20260822t133403z,cnn,baseline,snr_10db,10.0,9,street_music,0.6639344262295082,0.81,0.7297297297297297,100
cnn_baseline_run01_20260822t133403z,cnn,baseline,snr_0db,0.0,0,air_conditioner,0.2906403940886699,0.59,0.3894389438943894,100
cnn_baseline_run01_20260822t133403z,cnn,baseline,snr_0db,0.0,1,car_horn,0.8181818181818182,0.2727272727272727,0.4090909090909091,33
cnn_baseline_run01_20260822t133403z,cnn,baseline,snr_0db,0.0,2,children_playing,0.3256880733944954,0.71,0.4465408805031446,100
cnn_baseline_run01_20260822t133403z,cnn,baseline,snr_0db,0.0,3,dog_bark,0.4,0.18,0.2482758620689655,100
cnn_baseline_run01_20260822t133403z,cnn,baseline,snr_0db,0.0,4,drilling,0.7230769230769231,0.47,0.5696969696969697,100
cnn_baseline_run01_20260822t133403z,cnn,baseline,snr_0db,0.0,5,engine_idling,0.6176470588235294,0.2258064516129032,0.3307086614173228,93
cnn_baseline_run01_20260822t133403z,cnn,baseline,snr_0db,0.0,6,gun_shot,1.0,0.21875,0.358974358974359,32
cnn_baseline_run01_20260822t133403z,cnn,baseline,snr_0db,0.0,7,jackhammer,0.7127659574468085,0.6979166666666666,0.7052631578947368,96
cnn_baseline_run01_20260822t133403z,cnn,baseline,snr_0db,0.0,8,siren,0.8461538461538461,0.1325301204819277,0.2291666666666666,83
cnn_baseline_run01_20260822t133403z,cnn,baseline,snr_0db,0.0,9,street_music,0.4557823129251701,0.67,0.5425101214574899,100
crnn_augmented_run01_20260823t180807z,crnn,augmented,clean,,0,air_conditioner,0.8524590163934426,0.52,0.6459627329192547,100
crnn_augmented_run01_20260823t180807z,crnn,augmented,clean,,1,car_horn,0.6590909090909091,0.8787878787878788,0.7532467532467533,33
crnn_augmented_run01_20260823t180807z,crnn,augmented,clean,,2,children_playing,0.5194805194805194,0.8,0.6299212598425197,100
crnn_augmented_run01_20260823t180807z,crnn,augmented,clean,,3,dog_bark,0.8536585365853658,0.7,0.7692307692307693,100
crnn_augmented_run01_20260823t180807z,crnn,augmented,clean,,4,drilling,0.6608695652173913,0.76,0.7069767441860465,100
crnn_augmented_run01_20260823t180807z,crnn,augmented,clean,,5,engine_idling,0.8378378378378378,0.6666666666666666,0.7425149700598802,93
crnn_augmented_run01_20260823t180807z,crnn,augmented,clean,,6,gun_shot,0.9142857142857144,1.0,0.9552238805970148,32
crnn_augmented_run01_20260823t180807z,crnn,augmented,clean,,7,jackhammer,0.8823529411764706,0.9375,0.9090909090909092,96
crnn_augmented_run01_20260823t180807z,crnn,augmented,clean,,8,siren,0.6463414634146342,0.6385542168674698,0.6424242424242425,83
crnn_augmented_run01_20260823t180807z,crnn,augmented,clean,,9,street_music,0.875,0.77,0.8191489361702128,100
crnn_augmented_run01_20260823t180807z,crnn,augmented,snr_20db,20.0,0,air_conditioner,0.8571428571428571,0.48,0.6153846153846154,100
crnn_augmented_run01_20260823t180807z,crnn,augmented,snr_20db,20.0,1,car_horn,0.6818181818181818,0.9090909090909092,0.7792207792207793,33
crnn_augmented_run01_20260823t180807z,crnn,augmented,snr_20db,20.0,2,children_playing,0.5,0.81,0.6183206106870229,100
crnn_augmented_run01_20260823t180807z,crnn,augmented,snr_20db,20.0,3,dog_bark,0.8536585365853658,0.7,0.7692307692307693,100
crnn_augmented_run01_20260823t180807z,crnn,augmented,snr_20db,20.0,4,drilling,0.6440677966101694,0.76,0.6972477064220184,100
crnn_augmented_run01_20260823t180807z,crnn,augmented,snr_20db,20.0,5,engine_idling,0.8735632183908046,0.8172043010752689,0.8444444444444444,93
crnn_augmented_run01_20260823t180807z,crnn,augmented,snr_20db,20.0,6,gun_shot,0.8648648648648649,1.0,0.927536231884058,32
crnn_augmented_run01_20260823t180807z,crnn,augmented,snr_20db,20.0,7,jackhammer,0.9081632653061223,0.9270833333333334,0.9175257731958762,96
crnn_augmented_run01_20260823t180807z,crnn,augmented,snr_20db,20.0,8,siren,0.734375,0.5662650602409639,0.6394557823129252,83
crnn_augmented_run01_20260823t180807z,crnn,augmented,snr_20db,20.0,9,street_music,0.8764044943820225,0.78,0.8253968253968254,100
crnn_augmented_run01_20260823t180807z,crnn,augmented,snr_10db,10.0,0,air_conditioner,0.8181818181818182,0.54,0.6506024096385542,100
crnn_augmented_run01_20260823t180807z,crnn,augmented,snr_10db,10.0,1,car_horn,0.6078431372549019,0.9393939393939394,0.7380952380952381,33
crnn_augmented_run01_20260823t180807z,crnn,augmented,snr_10db,10.0,2,children_playing,0.4655172413793103,0.81,0.5912408759124088,100
crnn_augmented_run01_20260823t180807z,crnn,augmented,snr_10db,10.0,3,dog_bark,0.8875,0.71,0.7888888888888889,100
crnn_augmented_run01_20260823t180807z,crnn,augmented,snr_10db,10.0,4,drilling,0.6699029126213593,0.69,0.6798029556650246,100
crnn_augmented_run01_20260823t180807z,crnn,augmented,snr_10db,10.0,5,engine_idling,0.8823529411764706,0.8064516129032258,0.8426966292134831,93
crnn_augmented_run01_20260823t180807z,crnn,augmented,snr_10db,10.0,6,gun_shot,0.8648648648648649,1.0,0.927536231884058,32
crnn_augmented_run01_20260823t180807z,crnn,augmented,snr_10db,10.0,7,jackhammer,0.9,0.9375,0.9183673469387756,96
crnn_augmented_run01_20260823t180807z,crnn,augmented,snr_10db,10.0,8,siren,0.7818181818181819,0.5180722891566265,0.6231884057971014,83
crnn_augmented_run01_20260823t180807z,crnn,augmented,snr_10db,10.0,9,street_music,0.8372093023255814,0.72,0.7741935483870968,100
crnn_augmented_run01_20260823t180807z,crnn,augmented,snr_0db,0.0,0,air_conditioner,0.6027397260273972,0.44,0.5086705202312138,100
crnn_augmented_run01_20260823t180807z,crnn,augmented,snr_0db,0.0,1,car_horn,0.3417721518987341,0.8181818181818182,0.4821428571428571,33
crnn_augmented_run01_20260823t180807z,crnn,augmented,snr_0db,0.0,2,children_playing,0.4183673469387755,0.82,0.5540540540540541,100
crnn_augmented_run01_20260823t180807z,crnn,augmented,snr_0db,0.0,3,dog_bark,0.821917808219178,0.6,0.6936416184971098,100
crnn_augmented_run01_20260823t180807z,crnn,augmented,snr_0db,0.0,4,drilling,0.7808219178082192,0.57,0.6589595375722543,100
crnn_augmented_run01_20260823t180807z,crnn,augmented,snr_0db,0.0,5,engine_idling,0.7222222222222222,0.5591397849462365,0.6303030303030303,93
crnn_augmented_run01_20260823t180807z,crnn,augmented,snr_0db,0.0,6,gun_shot,0.6530612244897959,1.0,0.7901234567901234,32
crnn_augmented_run01_20260823t180807z,crnn,augmented,snr_0db,0.0,7,jackhammer,0.8,0.625,0.7017543859649122,96
crnn_augmented_run01_20260823t180807z,crnn,augmented,snr_0db,0.0,8,siren,0.62,0.3734939759036144,0.4661654135338345,83
crnn_augmented_run01_20260823t180807z,crnn,augmented,snr_0db,0.0,9,street_music,0.711340206185567,0.69,0.700507614213198,100
crnn_baseline_run01_20260822t163312z,crnn,baseline,clean,,0,air_conditioner,0.7070707070707071,0.7,0.7035175879396985,100
crnn_baseline_run01_20260822t163312z,crnn,baseline,clean,,1,car_horn,0.935483870967742,0.8787878787878788,0.90625,33
crnn_baseline_run01_20260822t163312z,crnn,baseline,clean,,2,children_playing,0.7017543859649122,0.8,0.7476635514018691,100
crnn_baseline_run01_20260822t163312z,crnn,baseline,clean,,3,dog_bark,0.8452380952380952,0.71,0.7717391304347826,100
crnn_baseline_run01_20260822t163312z,crnn,baseline,clean,,4,drilling,0.6390977443609023,0.85,0.7296137339055794,100
crnn_baseline_run01_20260822t163312z,crnn,baseline,clean,,5,engine_idling,0.8831168831168831,0.7311827956989247,0.8,93
crnn_baseline_run01_20260822t163312z,crnn,baseline,clean,,6,gun_shot,0.9411764705882352,1.0,0.9696969696969696,32
crnn_baseline_run01_20260822t163312z,crnn,baseline,clean,,7,jackhammer,0.7843137254901961,0.8333333333333334,0.8080808080808081,96
crnn_baseline_run01_20260822t163312z,crnn,baseline,clean,,8,siren,0.98,0.5903614457831325,0.7368421052631579,83
crnn_baseline_run01_20260822t163312z,crnn,baseline,clean,,9,street_music,0.8141592920353983,0.92,0.863849765258216,100
crnn_baseline_run01_20260822t163312z,crnn,baseline,snr_20db,20.0,0,air_conditioner,0.6907216494845361,0.67,0.6802030456852792,100
crnn_baseline_run01_20260822t163312z,crnn,baseline,snr_20db,20.0,1,car_horn,0.9545454545454546,0.6363636363636364,0.7636363636363637,33
crnn_baseline_run01_20260822t163312z,crnn,baseline,snr_20db,20.0,2,children_playing,0.5755395683453237,0.8,0.6694560669456067,100
crnn_baseline_run01_20260822t163312z,crnn,baseline,snr_20db,20.0,3,dog_bark,0.8666666666666667,0.65,0.7428571428571429,100
crnn_baseline_run01_20260822t163312z,crnn,baseline,snr_20db,20.0,4,drilling,0.625,0.85,0.7203389830508474,100
crnn_baseline_run01_20260822t163312z,crnn,baseline,snr_20db,20.0,5,engine_idling,0.8192771084337349,0.7311827956989247,0.7727272727272727,93
crnn_baseline_run01_20260822t163312z,crnn,baseline,snr_20db,20.0,6,gun_shot,0.9393939393939394,0.96875,0.953846153846154,32
crnn_baseline_run01_20260822t163312z,crnn,baseline,snr_20db,20.0,7,jackhammer,0.8125,0.8125,0.8125,96
crnn_baseline_run01_20260822t163312z,crnn,baseline,snr_20db,20.0,8,siren,0.9772727272727272,0.5180722891566265,0.6771653543307087,83
crnn_baseline_run01_20260822t163312z,crnn,baseline,snr_20db,20.0,9,street_music,0.7946428571428571,0.89,0.839622641509434,100
crnn_baseline_run01_20260822t163312z,crnn,baseline,snr_10db,10.0,0,air_conditioner,0.6595744680851063,0.62,0.6391752577319587,100
crnn_baseline_run01_20260822t163312z,crnn,baseline,snr_10db,10.0,1,car_horn,0.85,0.5151515151515151,0.6415094339622641,33
crnn_baseline_run01_20260822t163312z,crnn,baseline,snr_10db,10.0,2,children_playing,0.4912280701754385,0.84,0.6199261992619927,100
crnn_baseline_run01_20260822t163312z,crnn,baseline,snr_10db,10.0,3,dog_bark,0.8636363636363636,0.57,0.6867469879518072,100
crnn_baseline_run01_20260822t163312z,crnn,baseline,snr_10db,10.0,4,drilling,0.6837606837606838,0.8,0.7373271889400922,100
crnn_baseline_run01_20260822t163312z,crnn,baseline,snr_10db,10.0,5,engine_idling,0.7875,0.6774193548387096,0.7283236994219653,93
crnn_baseline_run01_20260822t163312z,crnn,baseline,snr_10db,10.0,6,gun_shot,0.9032258064516128,0.875,0.8888888888888888,32
crnn_baseline_run01_20260822t163312z,crnn,baseline,snr_10db,10.0,7,jackhammer,0.8461538461538461,0.8020833333333334,0.8235294117647058,96
crnn_baseline_run01_20260822t163312z,crnn,baseline,snr_10db,10.0,8,siren,0.8780487804878049,0.4337349397590361,0.5806451612903226,83
crnn_baseline_run01_20260822t163312z,crnn,baseline,snr_10db,10.0,9,street_music,0.7063492063492064,0.89,0.7876106194690266,100
crnn_baseline_run01_20260822t163312z,crnn,baseline,snr_0db,0.0,0,air_conditioner,0.4468085106382978,0.42,0.4329896907216495,100
crnn_baseline_run01_20260822t163312z,crnn,baseline,snr_0db,0.0,1,car_horn,0.5454545454545454,0.3636363636363636,0.4363636363636363,33
crnn_baseline_run01_20260822t163312z,crnn,baseline,snr_0db,0.0,2,children_playing,0.3333333333333333,0.76,0.4634146341463415,100
crnn_baseline_run01_20260822t163312z,crnn,baseline,snr_0db,0.0,3,dog_bark,0.559322033898305,0.33,0.4150943396226415,100
crnn_baseline_run01_20260822t163312z,crnn,baseline,snr_0db,0.0,4,drilling,0.6973684210526315,0.53,0.6022727272727273,100
crnn_baseline_run01_20260822t163312z,crnn,baseline,snr_0db,0.0,5,engine_idling,0.6346153846153846,0.3548387096774194,0.4551724137931034,93
crnn_baseline_run01_20260822t163312z,crnn,baseline,snr_0db,0.0,6,gun_shot,0.7916666666666666,0.59375,0.6785714285714286,32
crnn_baseline_run01_20260822t163312z,crnn,baseline,snr_0db,0.0,7,jackhammer,0.66,0.6875,0.673469387755102,96
crnn_baseline_run01_20260822t163312z,crnn,baseline,snr_0db,0.0,8,siren,0.6842105263157895,0.1566265060240964,0.2549019607843137,83
crnn_baseline_run01_20260822t163312z,crnn,baseline,snr_0db,0.0,9,street_music,0.4355828220858895,0.71,0.5399239543726235,100
resnet18_augmented_run01_20260824t050842z,resnet18,augmented,clean,,0,air_conditioner,0.6538461538461539,0.51,0.5730337078651685,100
resnet18_augmented_run01_20260824t050842z,resnet18,augmented,clean,,1,car_horn,0.9666666666666668,0.8787878787878788,0.9206349206349206,33
resnet18_augmented_run01_20260824t050842z,resnet18,augmented,clean,,2,children_playing,0.7033898305084746,0.83,0.7614678899082569,100
resnet18_augmented_run01_20260824t050842z,resnet18,augmented,clean,,3,dog_bark,0.7592592592592593,0.82,0.7884615384615384,100
resnet18_augmented_run01_20260824t050842z,resnet18,augmented,clean,,4,drilling,0.7669902912621359,0.79,0.7783251231527094,100
resnet18_augmented_run01_20260824t050842z,resnet18,augmented,clean,,5,engine_idling,0.6,0.6451612903225806,0.6217616580310881,93
resnet18_augmented_run01_20260824t050842z,resnet18,augmented,clean,,6,gun_shot,0.96875,0.96875,0.96875,32
resnet18_augmented_run01_20260824t050842z,resnet18,augmented,clean,,7,jackhammer,0.9438202247191012,0.875,0.9081081081081082,96
resnet18_augmented_run01_20260824t050842z,resnet18,augmented,clean,,8,siren,0.6486486486486487,0.5783132530120482,0.6114649681528662,83
resnet18_augmented_run01_20260824t050842z,resnet18,augmented,clean,,9,street_music,0.8285714285714286,0.87,0.848780487804878,100
resnet18_augmented_run01_20260824t050842z,resnet18,augmented,snr_20db,20.0,0,air_conditioner,0.65,0.52,0.5777777777777777,100
resnet18_augmented_run01_20260824t050842z,resnet18,augmented,snr_20db,20.0,1,car_horn,0.9375,0.9090909090909092,0.9230769230769232,33
resnet18_augmented_run01_20260824t050842z,resnet18,augmented,snr_20db,20.0,2,children_playing,0.6974789915966386,0.83,0.7579908675799086,100
resnet18_augmented_run01_20260824t050842z,resnet18,augmented,snr_20db,20.0,3,dog_bark,0.7843137254901961,0.8,0.7920792079207921,100
resnet18_augmented_run01_20260824t050842z,resnet18,augmented,snr_20db,20.0,4,drilling,0.7596153846153846,0.79,0.7745098039215687,100
resnet18_augmented_run01_20260824t050842z,resnet18,augmented,snr_20db,20.0,5,engine_idling,0.6185567010309279,0.6451612903225806,0.631578947368421,93
resnet18_augmented_run01_20260824t050842z,resnet18,augmented,snr_20db,20.0,6,gun_shot,0.96875,0.96875,0.96875,32
resnet18_augmented_run01_20260824t050842z,resnet18,augmented,snr_20db,20.0,7,jackhammer,0.9770114942528736,0.8854166666666666,0.9289617486338798,96
resnet18_augmented_run01_20260824t050842z,resnet18,augmented,snr_20db,20.0,8,siren,0.6025641025641025,0.5662650602409639,0.5838509316770186,83
resnet18_augmented_run01_20260824t050842z,resnet18,augmented,snr_20db,20.0,9,street_music,0.8207547169811321,0.87,0.8446601941747572,100
resnet18_augmented_run01_20260824t050842z,resnet18,augmented,snr_10db,10.0,0,air_conditioner,0.5617977528089888,0.5,0.5291005291005291,100
resnet18_augmented_run01_20260824t050842z,resnet18,augmented,snr_10db,10.0,1,car_horn,0.875,0.8484848484848485,0.8615384615384616,33
resnet18_augmented_run01_20260824t050842z,resnet18,augmented,snr_10db,10.0,2,children_playing,0.664,0.83,0.7377777777777778,100
resnet18_augmented_run01_20260824t050842z,resnet18,augmented,snr_10db,10.0,3,dog_bark,0.797979797979798,0.79,0.7939698492462312,100
resnet18_augmented_run01_20260824t050842z,resnet18,augmented,snr_10db,10.0,4,drilling,0.8160919540229885,0.71,0.7593582887700535,100
resnet18_augmented_run01_20260824t050842z,resnet18,augmented,snr_10db,10.0,5,engine_idling,0.6,0.5483870967741935,0.5730337078651685,93
resnet18_augmented_run01_20260824t050842z,resnet18,augmented,snr_10db,10.0,6,gun_shot,0.9090909090909092,0.9375,0.9230769230769232,32
resnet18_augmented_run01_20260824t050842z,resnet18,augmented,snr_10db,10.0,7,jackhammer,0.913978494623656,0.8854166666666666,0.8994708994708994,96
resnet18_augmented_run01_20260824t050842z,resnet18,augmented,snr_10db,10.0,8,siren,0.6081081081081081,0.5421686746987951,0.5732484076433121,83
resnet18_augmented_run01_20260824t050842z,resnet18,augmented,snr_10db,10.0,9,street_music,0.7166666666666667,0.86,0.7818181818181819,100
resnet18_augmented_run01_20260824t050842z,resnet18,augmented,snr_0db,0.0,0,air_conditioner,0.4623655913978494,0.43,0.4455958549222797,100
resnet18_augmented_run01_20260824t050842z,resnet18,augmented,snr_0db,0.0,1,car_horn,0.9642857142857144,0.8181818181818182,0.8852459016393442,33
resnet18_augmented_run01_20260824t050842z,resnet18,augmented,snr_0db,0.0,2,children_playing,0.5238095238095238,0.66,0.584070796460177,100
resnet18_augmented_run01_20260824t050842z,resnet18,augmented,snr_0db,0.0,3,dog_bark,0.8048780487804879,0.66,0.7252747252747253,100
resnet18_augmented_run01_20260824t050842z,resnet18,augmented,snr_0db,0.0,4,drilling,0.7972972972972973,0.59,0.6781609195402298,100
resnet18_augmented_run01_20260824t050842z,resnet18,augmented,snr_0db,0.0,5,engine_idling,0.423728813559322,0.2688172043010752,0.3289473684210526,93
resnet18_augmented_run01_20260824t050842z,resnet18,augmented,snr_0db,0.0,6,gun_shot,0.8,0.875,0.835820895522388,32
resnet18_augmented_run01_20260824t050842z,resnet18,augmented,snr_0db,0.0,7,jackhammer,0.7843137254901961,0.8333333333333334,0.8080808080808081,96
resnet18_augmented_run01_20260824t050842z,resnet18,augmented,snr_0db,0.0,8,siren,0.6119402985074627,0.4939759036144578,0.5466666666666666,83
resnet18_augmented_run01_20260824t050842z,resnet18,augmented,snr_0db,0.0,9,street_music,0.4327485380116959,0.74,0.5461254612546126,100
resnet18_baseline_run01_20260823t091022z,resnet18,baseline,clean,,0,air_conditioner,0.75,0.66,0.7021276595744681,100
resnet18_baseline_run01_20260823t091022z,resnet18,baseline,clean,,1,car_horn,0.9375,0.9090909090909092,0.9230769230769232,33
resnet18_baseline_run01_20260823t091022z,resnet18,baseline,clean,,2,children_playing,0.5180722891566265,0.86,0.6466165413533834,100
resnet18_baseline_run01_20260823t091022z,resnet18,baseline,clean,,3,dog_bark,0.8089887640449438,0.72,0.7619047619047619,100
resnet18_baseline_run01_20260823t091022z,resnet18,baseline,clean,,4,drilling,0.7745098039215687,0.79,0.7821782178217822,100
resnet18_baseline_run01_20260823t091022z,resnet18,baseline,clean,,5,engine_idling,0.7424242424242424,0.5268817204301075,0.6163522012578616,93
resnet18_baseline_run01_20260823t091022z,resnet18,baseline,clean,,6,gun_shot,0.967741935483871,0.9375,0.9523809523809524,32
resnet18_baseline_run01_20260823t091022z,resnet18,baseline,clean,,7,jackhammer,0.925531914893617,0.90625,0.9157894736842104,96
resnet18_baseline_run01_20260823t091022z,resnet18,baseline,clean,,8,siren,0.7872340425531915,0.4457831325301205,0.5692307692307692,83
resnet18_baseline_run01_20260823t091022z,resnet18,baseline,clean,,9,street_music,0.680327868852459,0.83,0.7477477477477478,100
resnet18_baseline_run01_20260823t091022z,resnet18,baseline,snr_20db,20.0,0,air_conditioner,0.7386363636363636,0.65,0.6914893617021277,100
resnet18_baseline_run01_20260823t091022z,resnet18,baseline,snr_20db,20.0,1,car_horn,1.0,0.6363636363636364,0.7777777777777778,33
resnet18_baseline_run01_20260823t091022z,resnet18,baseline,snr_20db,20.0,2,children_playing,0.4806629834254143,0.87,0.6192170818505338,100
resnet18_baseline_run01_20260823t091022z,resnet18,baseline,snr_20db,20.0,3,dog_bark,0.8313253012048193,0.69,0.7540983606557377,100
resnet18_baseline_run01_20260823t091022z,resnet18,baseline,snr_20db,20.0,4,drilling,0.8064516129032258,0.75,0.7772020725388601,100
resnet18_baseline_run01_20260823t091022z,resnet18,baseline,snr_20db,20.0,5,engine_idling,0.7258064516129032,0.4838709677419355,0.5806451612903226,93
resnet18_baseline_run01_20260823t091022z,resnet18,baseline,snr_20db,20.0,6,gun_shot,1.0,0.5625,0.72,32
resnet18_baseline_run01_20260823t091022z,resnet18,baseline,snr_20db,20.0,7,jackhammer,0.8924731182795699,0.8645833333333334,0.8783068783068783,96
resnet18_baseline_run01_20260823t091022z,resnet18,baseline,snr_20db,20.0,8,siren,0.8125,0.4698795180722891,0.5954198473282443,83
resnet18_baseline_run01_20260823t091022z,resnet18,baseline,snr_20db,20.0,9,street_music,0.5466666666666666,0.82,0.656,100
resnet18_baseline_run01_20260823t091022z,resnet18,baseline,snr_10db,10.0,0,air_conditioner,0.6493506493506493,0.5,0.5649717514124294,100
resnet18_baseline_run01_20260823t091022z,resnet18,baseline,snr_10db,10.0,1,car_horn,1.0,0.4848484848484848,0.6530612244897959,33
resnet18_baseline_run01_20260823t091022z,resnet18,baseline,snr_10db,10.0,2,children_playing,0.3863636363636363,0.85,0.53125,100
resnet18_baseline_run01_20260823t091022z,resnet18,baseline,snr_10db,10.0,3,dog_bark,0.782051282051282,0.61,0.6853932584269663,100
resnet18_baseline_run01_20260823t091022z,resnet18,baseline,snr_10db,10.0,4,drilling,0.8441558441558441,0.65,0.7344632768361582,100
resnet18_baseline_run01_20260823t091022z,resnet18,baseline,snr_10db,10.0,5,engine_idling,0.6818181818181818,0.1612903225806451,0.2608695652173913,93
resnet18_baseline_run01_20260823t091022z,resnet18,baseline,snr_10db,10.0,6,gun_shot,1.0,0.28125,0.4390243902439024,32
resnet18_baseline_run01_20260823t091022z,resnet18,baseline,snr_10db,10.0,7,jackhammer,0.8076923076923077,0.875,0.84,96
resnet18_baseline_run01_20260823t091022z,resnet18,baseline,snr_10db,10.0,8,siren,0.75,0.3975903614457831,0.5196850393700787,83
resnet18_baseline_run01_20260823t091022z,resnet18,baseline,snr_10db,10.0,9,street_music,0.4157894736842105,0.79,0.5448275862068965,100
resnet18_baseline_run01_20260823t091022z,resnet18,baseline,snr_0db,0.0,0,air_conditioner,0.4230769230769231,0.22,0.2894736842105263,100
resnet18_baseline_run01_20260823t091022z,resnet18,baseline,snr_0db,0.0,1,car_horn,0.9375,0.4545454545454545,0.6122448979591837,33
resnet18_baseline_run01_20260823t091022z,resnet18,baseline,snr_0db,0.0,2,children_playing,0.2977941176470588,0.81,0.4354838709677419,100
resnet18_baseline_run01_20260823t091022z,resnet18,baseline,snr_0db,0.0,3,dog_bark,0.6029411764705882,0.41,0.4880952380952381,100
resnet18_baseline_run01_20260823t091022z,resnet18,baseline,snr_0db,0.0,4,drilling,0.8541666666666666,0.41,0.5540540540540541,100
resnet18_baseline_run01_20260823t091022z,resnet18,baseline,snr_0db,0.0,5,engine_idling,0.5,0.075268817204301,0.1308411214953271,93
resnet18_baseline_run01_20260823t091022z,resnet18,baseline,snr_0db,0.0,6,gun_shot,1.0,0.15625,0.2702702702702703,32
resnet18_baseline_run01_20260823t091022z,resnet18,baseline,snr_0db,0.0,7,jackhammer,0.6126126126126126,0.7083333333333334,0.6570048309178744,96
resnet18_baseline_run01_20260823t091022z,resnet18,baseline,snr_0db,0.0,8,siren,1.0,0.2409638554216867,0.3883495145631068,83
resnet18_baseline_run01_20260823t091022z,resnet18,baseline,snr_0db,0.0,9,street_music,0.303030303030303,0.7,0.4229607250755287,100
