architecture,condition,snr_db,label,class_name,baseline_precision,baseline_recall,baseline_f1,baseline_support,augmented_precision,augmented_recall,augmented_f1,augmented_support,precision_delta,recall_delta,f1_delta
cnn,clean,,0,air_conditioner,0.5036496350364964,0.69,0.5822784810126582,100,0.5106382978723404,0.72,0.5975103734439834,100,0.006988662835843984,0.030000000000000027,0.015231892431325167
cnn,clean,,1,car_horn,0.9642857142857144,0.8181818181818182,0.8852459016393442,33,0.9333333333333332,0.8484848484848485,0.8888888888888888,33,-0.030952380952381175,0.030303030303030276,0.0036429872495445936
cnn,clean,,2,children_playing,0.5736434108527132,0.74,0.6462882096069869,100,0.5806451612903226,0.72,0.6428571428571429,100,0.007001750437609422,-0.020000000000000018,-0.0034310667498439473
cnn,clean,,3,dog_bark,0.7142857142857143,0.6,0.6521739130434783,100,0.8026315789473685,0.61,0.6931818181818182,100,0.08834586466165417,0.010000000000000009,0.04100790513833996
cnn,clean,,4,drilling,0.6837606837606838,0.8,0.7373271889400922,100,0.7047619047619048,0.74,0.7219512195121951,100,0.021001221001221038,-0.06000000000000005,-0.015375969427897096
cnn,clean,,5,engine_idling,0.8421052631578947,0.5161290322580645,0.64,93,0.8,0.6021505376344086,0.6871165644171779,93,-0.042105263157894646,0.08602150537634412,0.04711656441717793
cnn,clean,,6,gun_shot,0.8648648648648649,1.0,0.927536231884058,32,0.7948717948717948,0.96875,0.8732394366197183,32,-0.06999306999307009,-0.03125,-0.054296795264339726
cnn,clean,,7,jackhammer,0.7699115044247787,0.90625,0.8325358851674641,96,0.7931034482758621,0.9583333333333334,0.8679245283018868,96,0.023191943851083363,0.05208333333333337,0.03538864313442269
cnn,clean,,8,siren,0.9705882352941176,0.3975903614457831,0.5641025641025641,83,1.0,0.4578313253012048,0.628099173553719,83,0.02941176470588236,0.060240963855421714,0.06399660945115493
cnn,clean,,9,street_music,0.8514851485148515,0.86,0.8557213930348259,100,0.8775510204081632,0.86,0.8686868686868687,100,0.026065871893311776,0.0,0.012965475652042868
cnn,snr_20db,20.0,0,air_conditioner,0.4551724137931034,0.66,0.5387755102040817,100,0.4931506849315068,0.72,0.5853658536585366,100,0.03797827113840341,0.05999999999999994,0.0465903434544549
cnn,snr_20db,20.0,1,car_horn,1.0,0.4848484848484848,0.6530612244897959,33,0.96,0.7272727272727273,0.8275862068965517,33,-0.040000000000000036,0.2424242424242425,0.17452498240675585
cnn,snr_20db,20.0,2,children_playing,0.5194805194805194,0.8,0.6299212598425197,100,0.5606060606060606,0.74,0.6379310344827587,100,0.04112554112554112,-0.06000000000000005,0.008009774640238998
cnn,snr_20db,20.0,3,dog_bark,0.7469879518072289,0.62,0.6775956284153005,100,0.835820895522388,0.56,0.6706586826347305,100,0.08883294371515915,-0.05999999999999994,-0.006936945780570025
cnn,snr_20db,20.0,4,drilling,0.632,0.79,0.7022222222222222,100,0.6909090909090909,0.76,0.7238095238095238,100,0.05890909090909091,-0.030000000000000027,0.0215873015873016
cnn,snr_20db,20.0,5,engine_idling,0.819672131147541,0.5376344086021505,0.6493506493506493,93,0.8208955223880597,0.5913978494623656,0.6875,93,0.0012233912405187342,0.05376344086021512,0.038149350649350655
cnn,snr_20db,20.0,6,gun_shot,1.0,0.4375,0.6086956521739131,32,0.6458333333333334,0.96875,0.775,32,-0.35416666666666663,0.53125,0.16630434782608694
cnn,snr_20db,20.0,7,jackhammer,0.8191489361702128,0.8020833333333334,0.8105263157894737,96,0.8557692307692307,0.9270833333333334,0.89,96,0.036620294599017944,0.125,0.07947368421052636
cnn,snr_20db,20.0,8,siren,0.9696969696969696,0.3855421686746988,0.5517241379310345,83,1.0,0.4457831325301205,0.6166666666666667,83,0.030303030303030387,0.06024096385542166,0.06494252873563222
cnn,snr_20db,20.0,9,street_music,0.7589285714285714,0.85,0.8018867924528302,100,0.8514851485148515,0.86,0.8557213930348259,100,0.09255657708628007,0.010000000000000009,0.05383460058199563
cnn,snr_10db,10.0,0,air_conditioner,0.391304347826087,0.63,0.4827586206896552,100,0.4347826086956521,0.7,0.5363984674329502,100,0.04347826086956513,0.06999999999999995,0.05363984674329497
cnn,snr_10db,10.0,1,car_horn,0.9375,0.4545454545454545,0.6122448979591837,33,0.96,0.7272727272727273,0.8275862068965517,33,0.022499999999999964,0.2727272727272728,0.21534130893736803
cnn,snr_10db,10.0,2,children_playing,0.4278350515463917,0.83,0.564625850340136,100,0.5128205128205128,0.8,0.625,100,0.0849854612741211,-0.029999999999999916,0.060374149659863985
cnn,snr_10db,10.0,3,dog_bark,0.75,0.42,0.5384615384615384,100,0.9,0.54,0.675,100,0.15000000000000002,0.12000000000000005,0.1365384615384616
cnn,snr_10db,10.0,4,drilling,0.6875,0.77,0.7264150943396226,100,0.7307692307692307,0.76,0.7450980392156863,100,0.043269230769230727,-0.010000000000000009,0.0186829448760637
cnn,snr_10db,10.0,5,engine_idling,0.7959183673469388,0.4193548387096774,0.5492957746478874,93,0.819672131147541,0.5376344086021505,0.6493506493506493,93,0.023753763800602234,0.11827956989247312,0.10005487470276198
cnn,snr_10db,10.0,6,gun_shot,1.0,0.3125,0.4761904761904761,32,0.6222222222222222,0.875,0.7272727272727273,32,-0.37777777777777777,0.5625,0.2510822510822512
cnn,snr_10db,10.0,7,jackhammer,0.8041237113402062,0.8125,0.8082901554404145,96,0.8910891089108911,0.9375,0.9137055837563453,96,0.08696539757068489,0.125,0.10541542831593076
cnn,snr_10db,10.0,8,siren,0.95,0.2289156626506024,0.3689320388349514,83,1.0,0.3373493975903614,0.5045045045045045,83,0.050000000000000044,0.10843373493975902,0.13557246566955306
cnn,snr_10db,10.0,9,street_music,0.6639344262295082,0.81,0.7297297297297297,100,0.8854166666666666,0.85,0.8673469387755102,100,0.22148224043715847,0.039999999999999925,0.13761720904578045
cnn,snr_0db,0.0,0,air_conditioner,0.2906403940886699,0.59,0.3894389438943894,100,0.3333333333333333,0.67,0.4451827242524916,100,0.04269293924466344,0.08000000000000007,0.055743780358102235
cnn,snr_0db,0.0,1,car_horn,0.8181818181818182,0.2727272727272727,0.4090909090909091,33,0.7083333333333334,0.5151515151515151,0.5964912280701754,33,-0.10984848484848486,0.24242424242424243,0.1874003189792663
cnn,snr_0db,0.0,2,children_playing,0.3256880733944954,0.71,0.4465408805031446,100,0.4260355029585799,0.72,0.5353159851301115,100,0.10034742956408449,0.010000000000000009,0.08877510462696686
cnn,snr_0db,0.0,3,dog_bark,0.4,0.18,0.2482758620689655,100,0.6231884057971014,0.43,0.5088757396449705,100,0.22318840579710142,0.25,0.26059987757600495
cnn,snr_0db,0.0,4,drilling,0.7230769230769231,0.47,0.5696969696969697,100,0.7536231884057971,0.52,0.6153846153846154,100,0.030546265328874056,0.050000000000000044,0.04568764568764572
cnn,snr_0db,0.0,5,engine_idling,0.6176470588235294,0.2258064516129032,0.3307086614173228,93,0.5714285714285714,0.3010752688172043,0.3943661971830985,93,-0.04621848739495804,0.07526881720430112,0.06365753576577571
cnn,snr_0db,0.0,6,gun_shot,1.0,0.21875,0.358974358974359,32,0.55,0.6875,0.6111111111111112,32,-0.44999999999999996,0.46875,0.2521367521367522
cnn,snr_0db,0.0,7,jackhammer,0.7127659574468085,0.6979166666666666,0.7052631578947368,96,0.8172043010752689,0.7916666666666666,0.8042328042328042,96,0.10443834362846038,0.09375,0.09896964633806737
cnn,snr_0db,0.0,8,siren,0.8461538461538461,0.1325301204819277,0.2291666666666666,83,0.9411764705882352,0.1927710843373494,0.32,83,0.09502262443438902,0.060240963855421714,0.0908333333333334
cnn,snr_0db,0.0,9,street_music,0.4557823129251701,0.67,0.5425101214574899,100,0.6320754716981132,0.67,0.6504854368932039,100,0.1762931587729431,0.0,0.10797531543571404
crnn,clean,,0,air_conditioner,0.7070707070707071,0.7,0.7035175879396985,100,0.8524590163934426,0.52,0.6459627329192547,100,0.1453883093227355,-0.17999999999999994,-0.057554855020443885
crnn,clean,,1,car_horn,0.935483870967742,0.8787878787878788,0.90625,33,0.6590909090909091,0.8787878787878788,0.7532467532467533,33,-0.27639296187683293,0.0,-0.15300324675324672
crnn,clean,,2,children_playing,0.7017543859649122,0.8,0.7476635514018691,100,0.5194805194805194,0.8,0.6299212598425197,100,-0.1822738664843928,0.0,-0.11774229155934945
crnn,clean,,3,dog_bark,0.8452380952380952,0.71,0.7717391304347826,100,0.8536585365853658,0.7,0.7692307692307693,100,0.008420441347270602,-0.010000000000000009,-0.0025083612040133207
crnn,clean,,4,drilling,0.6390977443609023,0.85,0.7296137339055794,100,0.6608695652173913,0.76,0.7069767441860465,100,0.021771820856488988,-0.08999999999999997,-0.022636989719532874
crnn,clean,,5,engine_idling,0.8831168831168831,0.7311827956989247,0.8,93,0.8378378378378378,0.6666666666666666,0.7425149700598802,93,-0.04527904527904525,-0.06451612903225812,-0.057485029940119836
crnn,clean,,6,gun_shot,0.9411764705882352,1.0,0.9696969696969696,32,0.9142857142857144,1.0,0.9552238805970148,32,-0.026890756302520802,0.0,-0.014473089099954817
crnn,clean,,7,jackhammer,0.7843137254901961,0.8333333333333334,0.8080808080808081,96,0.8823529411764706,0.9375,0.9090909090909092,96,0.0980392156862745,0.10416666666666663,0.1010101010101011
crnn,clean,,8,siren,0.98,0.5903614457831325,0.7368421052631579,83,0.6463414634146342,0.6385542168674698,0.6424242424242425,83,-0.3336585365853658,0.04819277108433728,-0.0944178628389154
crnn,clean,,9,street_music,0.8141592920353983,0.92,0.863849765258216,100,0.875,0.77,0.8191489361702128,100,0.060840707964601726,-0.15000000000000002,-0.04470082908800321
crnn,snr_20db,20.0,0,air_conditioner,0.6907216494845361,0.67,0.6802030456852792,100,0.8571428571428571,0.48,0.6153846153846154,100,0.16642120765832102,-0.19000000000000006,-0.06481843030066381
crnn,snr_20db,20.0,1,car_horn,0.9545454545454546,0.6363636363636364,0.7636363636363637,33,0.6818181818181818,0.9090909090909092,0.7792207792207793,33,-0.2727272727272728,0.2727272727272728,0.01558441558441559
crnn,snr_20db,20.0,2,children_playing,0.5755395683453237,0.8,0.6694560669456067,100,0.5,0.81,0.6183206106870229,100,-0.07553956834532372,0.010000000000000009,-0.051135456258583734
crnn,snr_20db,20.0,3,dog_bark,0.8666666666666667,0.65,0.7428571428571429,100,0.8536585365853658,0.7,0.7692307692307693,100,-0.013008130081300862,0.04999999999999993,0.02637362637362639
crnn,snr_20db,20.0,4,drilling,0.625,0.85,0.7203389830508474,100,0.6440677966101694,0.76,0.6972477064220184,100,0.01906779661016944,-0.08999999999999997,-0.02309127662882904
crnn,snr_20db,20.0,5,engine_idling,0.8192771084337349,0.7311827956989247,0.7727272727272727,93,0.8735632183908046,0.8172043010752689,0.8444444444444444,93,0.05428610995706973,0.08602150537634412,0.07171717171717173
crnn,snr_20db,20.0,6,gun_shot,0.9393939393939394,0.96875,0.953846153846154,32,0.8648648648648649,1.0,0.927536231884058,32,-0.07452907452907453,0.03125,-0.026309921962096028
crnn,snr_20db,20.0,7,jackhammer,0.8125,0.8125,0.8125,96,0.9081632653061223,0.9270833333333334,0.9175257731958762,96,0.09566326530612235,0.11458333333333337,0.10502577319587625
crnn,snr_20db,20.0,8,siren,0.9772727272727272,0.5180722891566265,0.6771653543307087,83,0.734375,0.5662650602409639,0.6394557823129252,83,-0.24289772727272718,0.048192771084337394,-0.037709572017783466
crnn,snr_20db,20.0,9,street_music,0.7946428571428571,0.89,0.839622641509434,100,0.8764044943820225,0.78,0.8253968253968254,100,0.08176163723916541,-0.10999999999999999,-0.014225816112608647
crnn,snr_10db,10.0,0,air_conditioner,0.6595744680851063,0.62,0.6391752577319587,100,0.8181818181818182,0.54,0.6506024096385542,100,0.1586073500967119,-0.07999999999999996,0.01142715190659549
crnn,snr_10db,10.0,1,car_horn,0.85,0.5151515151515151,0.6415094339622641,33,0.6078431372549019,0.9393939393939394,0.7380952380952381,33,-0.24215686274509807,0.4242424242424243,0.09658580413297402
crnn,snr_10db,10.0,2,children_playing,0.4912280701754385,0.84,0.6199261992619927,100,0.4655172413793103,0.81,0.5912408759124088,100,-0.025710828796128238,-0.029999999999999916,-0.028685323349583847
crnn,snr_10db,10.0,3,dog_bark,0.8636363636363636,0.57,0.6867469879518072,100,0.8875,0.71,0.7888888888888889,100,0.02386363636363631,0.14,0.10214190093708164
crnn,snr_10db,10.0,4,drilling,0.6837606837606838,0.8,0.7373271889400922,100,0.6699029126213593,0.69,0.6798029556650246,100,-0.013857771139324515,-0.1100000000000001,-0.057524233275067616
crnn,snr_10db,10.0,5,engine_idling,0.7875,0.6774193548387096,0.7283236994219653,93,0.8823529411764706,0.8064516129032258,0.8426966292134831,93,0.09485294117647058,0.12903225806451613,0.11437292979151781
crnn,snr_10db,10.0,6,gun_shot,0.9032258064516128,0.875,0.8888888888888888,32,0.8648648648648649,1.0,0.927536231884058,32,-0.038360941586747854,0.125,0.03864734299516914
crnn,snr_10db,10.0,7,jackhammer,0.8461538461538461,0.8020833333333334,0.8235294117647058,96,0.9,0.9375,0.9183673469387756,96,0.05384615384615388,0.13541666666666663,0.0948379351740698
crnn,snr_10db,10.0,8,siren,0.8780487804878049,0.4337349397590361,0.5806451612903226,83,0.7818181818181819,0.5180722891566265,0.6231884057971014,83,-0.09623059866962302,0.08433734939759041,0.04254324450677882
crnn,snr_10db,10.0,9,street_music,0.7063492063492064,0.89,0.7876106194690266,100,0.8372093023255814,0.72,0.7741935483870968,100,0.13086009597637505,-0.17000000000000004,-0.013417071081929799
crnn,snr_0db,0.0,0,air_conditioner,0.4468085106382978,0.42,0.4329896907216495,100,0.6027397260273972,0.44,0.5086705202312138,100,0.15593121538909943,0.020000000000000018,0.07568082950956434
crnn,snr_0db,0.0,1,car_horn,0.5454545454545454,0.3636363636363636,0.4363636363636363,33,0.3417721518987341,0.8181818181818182,0.4821428571428571,33,-0.2036823935558113,0.45454545454545464,0.04577922077922081
crnn,snr_0db,0.0,2,children_playing,0.3333333333333333,0.76,0.4634146341463415,100,0.4183673469387755,0.82,0.5540540540540541,100,0.08503401360544216,0.05999999999999994,0.09063941990771257
crnn,snr_0db,0.0,3,dog_bark,0.559322033898305,0.33,0.4150943396226415,100,0.821917808219178,0.6,0.6936416184971098,100,0.262595774320873,0.26999999999999996,0.27854727887446834
crnn,snr_0db,0.0,4,drilling,0.6973684210526315,0.53,0.6022727272727273,100,0.7808219178082192,0.57,0.6589595375722543,100,0.08345349675558766,0.039999999999999925,0.056686810299527046
crnn,snr_0db,0.0,5,engine_idling,0.6346153846153846,0.3548387096774194,0.4551724137931034,93,0.7222222222222222,0.5591397849462365,0.6303030303030303,93,0.08760683760683763,0.20430107526881713,0.17513061650992684
crnn,snr_0db,0.0,6,gun_shot,0.7916666666666666,0.59375,0.6785714285714286,32,0.6530612244897959,1.0,0.7901234567901234,32,-0.13860544217687076,0.40625,0.11155202821869481
crnn,snr_0db,0.0,7,jackhammer,0.66,0.6875,0.673469387755102,96,0.8,0.625,0.7017543859649122,96,0.14,-0.0625,0.02828499820981023
crnn,snr_0db,0.0,8,siren,0.6842105263157895,0.1566265060240964,0.2549019607843137,83,0.62,0.3734939759036144,0.4661654135338345,83,-0.0642105263157895,0.216867469879518,0.2112634527495208
crnn,snr_0db,0.0,9,street_music,0.4355828220858895,0.71,0.5399239543726235,100,0.711340206185567,0.69,0.700507614213198,100,0.27575738409967754,-0.020000000000000018,0.16058365984057443
resnet18,clean,,0,air_conditioner,0.75,0.66,0.7021276595744681,100,0.6538461538461539,0.51,0.5730337078651685,100,-0.09615384615384615,-0.15000000000000002,-0.1290939517092996
resnet18,clean,,1,car_horn,0.9375,0.9090909090909092,0.9230769230769232,33,0.9666666666666668,0.8787878787878788,0.9206349206349206,33,0.029166666666666785,-0.030303030303030387,-0.0024420024420026554
resnet18,clean,,2,children_playing,0.5180722891566265,0.86,0.6466165413533834,100,0.7033898305084746,0.83,0.7614678899082569,100,0.18531754135184808,-0.030000000000000027,0.11485134855487344
resnet18,clean,,3,dog_bark,0.8089887640449438,0.72,0.7619047619047619,100,0.7592592592592593,0.82,0.7884615384615384,100,-0.0497295047856845,0.09999999999999998,0.026556776556776573
resnet18,clean,,4,drilling,0.7745098039215687,0.79,0.7821782178217822,100,0.7669902912621359,0.79,0.7783251231527094,100,-0.007519512659432737,0.0,-0.0038530946690727985
resnet18,clean,,5,engine_idling,0.7424242424242424,0.5268817204301075,0.6163522012578616,93,0.6,0.6451612903225806,0.6217616580310881,93,-0.14242424242424245,0.11827956989247312,0.005409456773226462
resnet18,clean,,6,gun_shot,0.967741935483871,0.9375,0.9523809523809524,32,0.96875,0.96875,0.96875,32,0.0010080645161290036,0.03125,0.01636904761904756
resnet18,clean,,7,jackhammer,0.925531914893617,0.90625,0.9157894736842104,96,0.9438202247191012,0.875,0.9081081081081082,96,0.01828830982548424,-0.03125,-0.007681365576102217
resnet18,clean,,8,siren,0.7872340425531915,0.4457831325301205,0.5692307692307692,83,0.6486486486486487,0.5783132530120482,0.6114649681528662,83,-0.13858539390454283,0.1325301204819277,0.04223419892209701
resnet18,clean,,9,street_music,0.680327868852459,0.83,0.7477477477477478,100,0.8285714285714286,0.87,0.848780487804878,100,0.14824355971896963,0.040000000000000036,0.10103274005713025
resnet18,snr_20db,20.0,0,air_conditioner,0.7386363636363636,0.65,0.6914893617021277,100,0.65,0.52,0.5777777777777777,100,-0.08863636363636362,-0.13,-0.11371158392434999
resnet18,snr_20db,20.0,1,car_horn,1.0,0.6363636363636364,0.7777777777777778,33,0.9375,0.9090909090909092,0.9230769230769232,33,-0.0625,0.2727272727272728,0.14529914529914545
resnet18,snr_20db,20.0,2,children_playing,0.4806629834254143,0.87,0.6192170818505338,100,0.6974789915966386,0.83,0.7579908675799086,100,0.21681600817122432,-0.040000000000000036,0.13877378572937482
resnet18,snr_20db,20.0,3,dog_bark,0.8313253012048193,0.69,0.7540983606557377,100,0.7843137254901961,0.8,0.7920792079207921,100,-0.04701157571462322,0.1100000000000001,0.03798084726505446
resnet18,snr_20db,20.0,4,drilling,0.8064516129032258,0.75,0.7772020725388601,100,0.7596153846153846,0.79,0.7745098039215687,100,-0.046836228287841175,0.040000000000000036,-0.002692268617291438
resnet18,snr_20db,20.0,5,engine_idling,0.7258064516129032,0.4838709677419355,0.5806451612903226,93,0.6185567010309279,0.6451612903225806,0.631578947368421,93,-0.10724975058197539,0.16129032258064513,0.0509337860780984
resnet18,snr_20db,20.0,6,gun_shot,1.0,0.5625,0.72,32,0.96875,0.96875,0.96875,32,-0.03125,0.40625,0.24875000000000003
resnet18,snr_20db,20.0,7,jackhammer,0.8924731182795699,0.8645833333333334,0.8783068783068783,96,0.9770114942528736,0.8854166666666666,0.9289617486338798,96,0.08453837597330371,0.02083333333333326,0.050654870327001555
resnet18,snr_20db,20.0,8,siren,0.8125,0.4698795180722891,0.5954198473282443,83,0.6025641025641025,0.5662650602409639,0.5838509316770186,83,-0.20993589743589747,0.09638554216867479,-0.011568915651225642
resnet18,snr_20db,20.0,9,street_music,0.5466666666666666,0.82,0.656,100,0.8207547169811321,0.87,0.8446601941747572,100,0.2740880503144655,0.050000000000000044,0.1886601941747572
resnet18,snr_10db,10.0,0,air_conditioner,0.6493506493506493,0.5,0.5649717514124294,100,0.5617977528089888,0.5,0.5291005291005291,100,-0.08755289654166054,0.0,-0.03587122231190032
resnet18,snr_10db,10.0,1,car_horn,1.0,0.4848484848484848,0.6530612244897959,33,0.875,0.8484848484848485,0.8615384615384616,33,-0.125,0.3636363636363637,0.20847723704866572
resnet18,snr_10db,10.0,2,children_playing,0.3863636363636363,0.85,0.53125,100,0.664,0.83,0.7377777777777778,100,0.27763636363636374,-0.020000000000000018,0.20652777777777775
resnet18,snr_10db,10.0,3,dog_bark,0.782051282051282,0.61,0.6853932584269663,100,0.797979797979798,0.79,0.7939698492462312,100,0.015928515928515963,0.18000000000000005,0.10857659081926485
resnet18,snr_10db,10.0,4,drilling,0.8441558441558441,0.65,0.7344632768361582,100,0.8160919540229885,0.71,0.7593582887700535,100,-0.028063890132855596,0.05999999999999994,0.024895011933895317
resnet18,snr_10db,10.0,5,engine_idling,0.6818181818181818,0.1612903225806451,0.2608695652173913,93,0.6,0.5483870967741935,0.5730337078651685,93,-0.08181818181818179,0.3870967741935484,0.3121641426477772
resnet18,snr_10db,10.0,6,gun_shot,1.0,0.28125,0.4390243902439024,32,0.9090909090909092,0.9375,0.9230769230769232,32,-0.09090909090909083,0.65625,0.48405253283302085
resnet18,snr_10db,10.0,7,jackhammer,0.8076923076923077,0.875,0.84,96,0.913978494623656,0.8854166666666666,0.8994708994708994,96,0.10628618693134828,0.01041666666666663,0.05947089947089945
resnet18,snr_10db,10.0,8,siren,0.75,0.3975903614457831,0.5196850393700787,83,0.6081081081081081,0.5421686746987951,0.5732484076433121,83,-0.14189189189189189,0.14457831325301207,0.05356336827323338
resnet18,snr_10db,10.0,9,street_music,0.4157894736842105,0.79,0.5448275862068965,100,0.7166666666666667,0.86,0.7818181818181819,100,0.3008771929824562,0.06999999999999995,0.23699059561128533
resnet18,snr_0db,0.0,0,air_conditioner,0.4230769230769231,0.22,0.2894736842105263,100,0.4623655913978494,0.43,0.4455958549222797,100,0.03928866832092631,0.21,0.15612217071175338
resnet18,snr_0db,0.0,1,car_horn,0.9375,0.4545454545454545,0.6122448979591837,33,0.9642857142857144,0.8181818181818182,0.8852459016393442,33,0.026785714285714413,0.36363636363636376,0.27300100368016056
resnet18,snr_0db,0.0,2,children_playing,0.2977941176470588,0.81,0.4354838709677419,100,0.5238095238095238,0.66,0.584070796460177,100,0.22601540616246502,-0.15000000000000002,0.14858692549243513
resnet18,snr_0db,0.0,3,dog_bark,0.6029411764705882,0.41,0.4880952380952381,100,0.8048780487804879,0.66,0.7252747252747253,100,0.20193687230989965,0.25000000000000006,0.23717948717948717
resnet18,snr_0db,0.0,4,drilling,0.8541666666666666,0.41,0.5540540540540541,100,0.7972972972972973,0.59,0.6781609195402298,100,-0.05686936936936937,0.18,0.12410686548617578
resnet18,snr_0db,0.0,5,engine_idling,0.5,0.075268817204301,0.1308411214953271,93,0.423728813559322,0.2688172043010752,0.3289473684210526,93,-0.07627118644067798,0.1935483870967742,0.1981062469257255
resnet18,snr_0db,0.0,6,gun_shot,1.0,0.15625,0.2702702702702703,32,0.8,0.875,0.835820895522388,32,-0.19999999999999996,0.71875,0.5655506252521177
resnet18,snr_0db,0.0,7,jackhammer,0.6126126126126126,0.7083333333333334,0.6570048309178744,96,0.7843137254901961,0.8333333333333334,0.8080808080808081,96,0.1717011128775835,0.125,0.15107597716293364
resnet18,snr_0db,0.0,8,siren,1.0,0.2409638554216867,0.3883495145631068,83,0.6119402985074627,0.4939759036144578,0.5466666666666666,83,-0.3880597014925373,0.2530120481927711,0.15831715210355984
resnet18,snr_0db,0.0,9,street_music,0.303030303030303,0.7,0.4229607250755287,100,0.4327485380116959,0.74,0.5461254612546126,100,0.1297182349813929,0.040000000000000036,0.12316473617908391
